{
    "values": [
        {
            "x": -2.6841256259695374,
            "y": 0.31939724658510077,
            "z": -0.027914827589413993,
            "class": 0
        },
        {
            "x": -2.7141416872943265,
            "y": -0.17700122506478067,
            "z": -0.21046427237824417,
            "class": 0
        },
        {
            "x": -2.8889905690592976,
            "y": -0.14494942608555805,
            "z": 0.017900256320889818,
            "class": 0
        },
        {
            "x": -2.745342855641411,
            "y": -0.31829897925191675,
            "z": 0.03155937360568073,
            "class": 0
        },
        {
            "x": -2.728716536554531,
            "y": 0.3267545129349195,
            "z": 0.09007924055120098,
            "class": 0
        },
        {
            "x": -2.2808596328444932,
            "y": 0.7413304490629147,
            "z": 0.16867765820910438,
            "class": 0
        },
        {
            "x": -2.82053775074061,
            "y": -0.08946138452856955,
            "z": 0.25789215825561757,
            "class": 0
        },
        {
            "x": -2.626144973146634,
            "y": 0.16338495969832834,
            "z": -0.021879317886719984,
            "class": 0
        },
        {
            "x": -2.886382731780554,
            "y": -0.5783117541867046,
            "z": 0.020759570264779703,
            "class": 0
        },
        {
            "x": -2.6727557978209546,
            "y": -0.11377424587411725,
            "z": -0.1976327249881467,
            "class": 0
        },
        {
            "x": -2.5069470906518565,
            "y": 0.6450688986485738,
            "z": -0.07531800937912034,
            "class": 0
        },
        {
            "x": -2.612755230908724,
            "y": 0.01472993916137405,
            "z": 0.10215025995658944,
            "class": 0
        },
        {
            "x": -2.786109266188019,
            "y": -0.23511200020171885,
            "z": -0.20684443044964484,
            "class": 0
        },
        {
            "x": -3.2238037438656537,
            "y": -0.5113945870063831,
            "z": 0.061299672457098775,
            "class": 0
        },
        {
            "x": -2.644750389942031,
            "y": 1.1787646364375752,
            "z": -0.15162752361780943,
            "class": 0
        },
        {
            "x": -2.386039033531134,
            "y": 1.3380623304006525,
            "z": 0.2777769027031353,
            "class": 0
        },
        {
            "x": -2.6235278752244273,
            "y": 0.8106795141812575,
            "z": 0.13818322788071905,
            "class": 0
        },
        {
            "x": -2.6482967062543823,
            "y": 0.31184914459335433,
            "z": 0.026668315612593585,
            "class": 0
        },
        {
            "x": -2.1998203236175806,
            "y": 0.8728390389622109,
            "z": -0.12030552339473116,
            "class": 0
        },
        {
            "x": -2.5879863998787696,
            "y": 0.5135603087492766,
            "z": 0.21366517222471548,
            "class": 0
        },
        {
            "x": -2.310256215242519,
            "y": 0.3913459356538941,
            "z": -0.23944404324495355,
            "class": 0
        },
        {
            "x": -2.5437052287571573,
            "y": 0.43299606327902784,
            "z": 0.20845723241671468,
            "class": 0
        },
        {
            "x": -3.215939415648613,
            "y": 0.13346806953852514,
            "z": 0.2923967507452419,
            "class": 0
        },
        {
            "x": -2.302733182226208,
            "y": 0.09870885481409902,
            "z": 0.039123258742880446,
            "class": 0
        },
        {
            "x": -2.3557540491237736,
            "y": -0.03728185967738301,
            "z": 0.12502108270287843,
            "class": 0
        },
        {
            "x": -2.506668906925823,
            "y": -0.14601688049526806,
            "z": -0.25342004234465776,
            "class": 0
        },
        {
            "x": -2.46882007312134,
            "y": 0.1309514894352498,
            "z": 0.09491057609939152,
            "class": 0
        },
        {
            "x": -2.5623199061960165,
            "y": 0.36771885743419963,
            "z": -0.07849420513792446,
            "class": 0
        },
        {
            "x": -2.6395347153845434,
            "y": 0.3120399802352826,
            "z": -0.14590889573002944,
            "class": 0
        },
        {
            "x": -2.6319893872743467,
            "y": -0.19696122492431517,
            "z": 0.04077107906717886,
            "class": 0
        },
        {
            "x": -2.5873984766893536,
            "y": -0.2043184912741339,
            "z": -0.07722298907343611,
            "class": 0
        },
        {
            "x": -2.409932497002176,
            "y": 0.4109242642295727,
            "z": -0.14552497200513106,
            "class": 0
        },
        {
            "x": -2.648862334349913,
            "y": 0.8133638202969619,
            "z": 0.22566914972011928,
            "class": 0
        },
        {
            "x": -2.598736749100588,
            "y": 1.0931457594493568,
            "z": 0.15781081295821975,
            "class": 0
        },
        {
            "x": -2.6369268781058,
            "y": -0.12132234786586363,
            "z": -0.1430495817861393,
            "class": 0
        },
        {
            "x": -2.86624165211867,
            "y": 0.06936447158008018,
            "z": -0.16433230665302584,
            "class": 0
        },
        {
            "x": -2.625238049850373,
            "y": 0.5993700213794236,
            "z": -0.2683503756939366,
            "class": 0
        },
        {
            "x": -2.800684115448223,
            "y": 0.26864373779798184,
            "z": 0.09369908247979974,
            "class": 0
        },
        {
            "x": -2.9805020437819945,
            "y": -0.48795834442861613,
            "z": 0.07292704569269204,
            "class": 0
        },
        {
            "x": -2.590006313968097,
            "y": 0.22904383682701235,
            "z": -0.08008230301732633,
            "class": 0
        },
        {
            "x": -2.7701024260279024,
            "y": 0.263527533744256,
            "z": 0.07724769316110358,
            "class": 0
        },
        {
            "x": -2.8493687050431045,
            "y": -0.9409605736411975,
            "z": -0.34923037730596673,
            "class": 0
        },
        {
            "x": -2.9974065465949082,
            "y": -0.34192605747161064,
            "z": 0.19250921171270924,
            "class": 0
        },
        {
            "x": -2.405614485097487,
            "y": 0.18887142893025977,
            "z": 0.2638679455134152,
            "class": 0
        },
        {
            "x": -2.2094892377836803,
            "y": 0.4366631416391875,
            "z": 0.29874274575510834,
            "class": 0
        },
        {
            "x": -2.7144514267577087,
            "y": -0.2502082041852116,
            "z": -0.0976781440456298,
            "class": 0
        },
        {
            "x": -2.538148258998941,
            "y": 0.5037711444614372,
            "z": 0.16670563660480425,
            "class": 0
        },
        {
            "x": -2.8394621676428513,
            "y": -0.22794556949382833,
            "z": 0.08372684903359301,
            "class": 0
        },
        {
            "x": -2.543085749830394,
            "y": 0.5794100215198892,
            "z": -0.01711502424851355,
            "class": 0
        },
        {
            "x": -2.7033597823351605,
            "y": 0.10770608249941127,
            "z": -0.08929400847882485,
            "class": 0
        },
        {
            "x": 1.2848256888583511,
            "y": 0.6851604704673091,
            "z": -0.4065680254676941,
            "class": 1
        },
        {
            "x": 0.932488532312318,
            "y": 0.3183336382626289,
            "z": -0.018014186646240354,
            "class": 1
        },
        {
            "x": 1.4643023219913935,
            "y": 0.5042628153092045,
            "z": -0.33832576498089617,
            "class": 1
        },
        {
            "x": 0.1833177199583701,
            "y": -0.8279590118206326,
            "z": -0.17959139187535553,
            "class": 1
        },
        {
            "x": 1.0881032577116654,
            "y": 0.07459067519771631,
            "z": -0.3077578962347848,
            "class": 1
        },
        {
            "x": 0.6416690842580771,
            "y": -0.41824687156867907,
            "z": 0.041076090823955816,
            "class": 1
        },
        {
            "x": 1.0950606626324464,
            "y": 0.28346827006152897,
            "z": 0.16981023986057506,
            "class": 1
        },
        {
            "x": -0.7491226698296579,
            "y": -1.004890961181896,
            "z": 0.012302919237594967,
            "class": 1
        },
        {
            "x": 1.0441318260534351,
            "y": 0.22836189978839583,
            "z": -0.4153360847593976,
            "class": 1
        },
        {
            "x": -0.008745404082896521,
            "y": -0.7230819050048349,
            "z": 0.2811414311764095,
            "class": 1
        },
        {
            "x": -0.5078408838353266,
            "y": -1.2659711905263942,
            "z": -0.26981718276885275,
            "class": 1
        },
        {
            "x": 0.511698557447597,
            "y": -0.10398123549904072,
            "z": 0.130547750240486,
            "class": 1
        },
        {
            "x": 0.26497650811204604,
            "y": -0.5500364636804747,
            "z": -0.6941468301444191,
            "class": 1
        },
        {
            "x": 0.9849345104708898,
            "y": -0.12481785412635751,
            "z": -0.062114408322261165,
            "class": 1
        },
        {
            "x": -0.17392537168176841,
            "y": -0.2548542087025897,
            "z": 0.0904576907257043,
            "class": 1
        },
        {
            "x": 0.9278607809442471,
            "y": 0.46717949444151075,
            "z": -0.3146209758321723,
            "class": 1
        },
        {
            "x": 0.6602837616969366,
            "y": -0.3529696657238509,
            "z": 0.32802752837859495,
            "class": 1
        },
        {
            "x": 0.2361049933176711,
            "y": -0.3336107668249155,
            "z": -0.2711618372510668,
            "class": 1
        },
        {
            "x": 0.9447337280198128,
            "y": -0.5431455507797665,
            "z": -0.49951904648511286,
            "class": 1
        },
        {
            "x": 0.04522697629869935,
            "y": -0.5838343774718646,
            "z": -0.23500210497205598,
            "class": 1
        },
        {
            "x": 1.1162831773500494,
            "y": -0.08461685219478847,
            "z": 0.45962099135910384,
            "class": 1
        },
        {
            "x": 0.3578884179973068,
            "y": -0.06892503165601399,
            "z": -0.22985388760895153,
            "class": 1
        },
        {
            "x": 1.2981838753589134,
            "y": -0.32778730833391745,
            "z": -0.3478543522573083,
            "class": 1
        },
        {
            "x": 0.9217289224470365,
            "y": -0.1827377936213675,
            "z": -0.23107177773628484,
            "class": 1
        },
        {
            "x": 0.7148533259114113,
            "y": 0.14905594436978487,
            "z": -0.3218009372444739,
            "class": 1
        },
        {
            "x": 0.900174373172167,
            "y": 0.32850447383432346,
            "z": -0.3162090737115741,
            "class": 1
        },
        {
            "x": 1.3320244367220881,
            "y": 0.24444087601634387,
            "z": -0.5217027796644191,
            "class": 1
        },
        {
            "x": 1.5578021550660701,
            "y": 0.26749544731025476,
            "z": -0.1649209837435803,
            "class": 1
        },
        {
            "x": 0.813290649817541,
            "y": -0.16335030068761652,
            "z": 0.03542450484616004,
            "class": 1
        },
        {
            "x": -0.3055837780243096,
            "y": -0.3682621897545882,
            "z": -0.31849158062304705,
            "class": 1
        },
        {
            "x": -0.06812649206836412,
            "y": -0.7051721317994657,
            "z": -0.2442138104335546,
            "class": 1
        },
        {
            "x": -0.18962247237850244,
            "y": -0.6802867635281337,
            "z": -0.3064205612176585,
            "class": 1
        },
        {
            "x": 0.13642871155801445,
            "y": -0.31403243824923693,
            "z": -0.1772427660112444,
            "class": 1
        },
        {
            "x": 1.3800264359155108,
            "y": -0.4209542873138821,
            "z": 0.01616712752072862,
            "class": 1
        },
        {
            "x": 0.5880064433398631,
            "y": -0.48428741998121894,
            "z": 0.4444334986398075,
            "class": 1
        },
        {
            "x": 0.8068583125004117,
            "y": 0.1941823147131505,
            "z": 0.38896306309821044,
            "class": 1
        },
        {
            "x": 1.2206908824443525,
            "y": 0.40761959361100736,
            "z": -0.2371670098838757,
            "class": 1
        },
        {
            "x": 0.8150952357665994,
            "y": -0.3720370599095017,
            "z": -0.6147208425918222,
            "class": 1
        },
        {
            "x": 0.24595767988669198,
            "y": -0.2685243966220153,
            "z": 0.1883668116461945,
            "class": 1
        },
        {
            "x": 0.16641321714545637,
            "y": -0.6819267248636272,
            "z": -0.06000922585533833,
            "class": 1
        },
        {
            "x": 0.46480028840377874,
            "y": -0.6707115445117209,
            "z": -0.024306855718951942,
            "class": 1
        },
        {
            "x": 0.890815198469449,
            "y": -0.03446444436826898,
            "z": -0.00994693289434892,
            "class": 1
        },
        {
            "x": 0.23054802355945492,
            "y": -0.4043858480073254,
            "z": -0.2294102414391567,
            "class": 1
        },
        {
            "x": -0.7045317592446643,
            "y": -1.0122482275317148,
            "z": -0.10569114890301995,
            "class": 1
        },
        {
            "x": 0.35698149470104656,
            "y": -0.504910093337109,
            "z": 0.016617170198265308,
            "class": 1
        },
        {
            "x": 0.3319344799450579,
            "y": -0.21265468378117014,
            "z": 0.08320429089567646,
            "class": 1
        },
        {
            "x": 0.37621565106666993,
            "y": -0.2932189292514193,
            "z": 0.07799635108767544,
            "class": 1
        },
        {
            "x": 0.6425760075543374,
            "y": 0.017738190112416244,
            "z": -0.20539496698326082,
            "class": 1
        },
        {
            "x": -0.9064698649488366,
            "y": -0.7560933665990146,
            "z": -0.012599647557890392,
            "class": 1
        },
        {
            "x": 0.2990008418781428,
            "y": -0.34889780645033625,
            "z": 0.01058166049557048,
            "class": 1
        },
        {
            "x": 2.531192727803628,
            "y": -0.009849109498802452,
            "z": 0.7601654272458951,
            "class": 2
        },
        {
            "x": 1.415235876703902,
            "y": -0.5749163475464898,
            "z": 0.2963225273879643,
            "class": 2
        },
        {
            "x": 2.6166760159956897,
            "y": 0.34390315134173455,
            "z": -0.11078788321910882,
            "class": 2
        },
        {
            "x": 1.9715310530434353,
            "y": -0.17972790435224562,
            "z": 0.1084246624634228,
            "class": 2
        },
        {
            "x": 2.35000592004464,
            "y": -0.04026094714253124,
            "z": 0.2853895631844413,
            "class": 2
        },
        {
            "x": 3.397038736053258,
            "y": 0.550836673028056,
            "z": -0.34843755579746705,
            "class": 2
        },
        {
            "x": 0.5212322439097732,
            "y": -1.1927587270006463,
            "z": 0.5456592956468123,
            "class": 2
        },
        {
            "x": 2.932587068993689,
            "y": 0.35550000297749684,
            "z": -0.4202399357679679,
            "class": 2
        },
        {
            "x": 2.321228816573378,
            "y": -0.24383150231069053,
            "z": -0.34830439493484494,
            "class": 2
        },
        {
            "x": 2.916750966786072,
            "y": 0.7827919488152785,
            "z": 0.42333541768255856,
            "class": 2
        },
        {
            "x": 1.661774153636531,
            "y": 0.24222840775506688,
            "z": 0.24244018972576897,
            "class": 2
        },
        {
            "x": 1.8034019529650906,
            "y": -0.21563761733355552,
            "z": -0.0376481682314824,
            "class": 2
        },
        {
            "x": 2.165591796080145,
            "y": 0.21627558507402478,
            "z": 0.03332664184432521,
            "class": 2
        },
        {
            "x": 1.346163579458451,
            "y": -0.7768183473443402,
            "z": 0.2819028821184646,
            "class": 2
        },
        {
            "x": 1.5859282238732204,
            "y": -0.5396407140267194,
            "z": 0.6290293264080103,
            "class": 2
        },
        {
            "x": 1.9044563747934267,
            "y": 0.11925069209197234,
            "z": 0.4796398196265905,
            "class": 2
        },
        {
            "x": 1.949689059399069,
            "y": 0.04194325966321133,
            "z": 0.04418616763012209,
            "class": 2
        },
        {
            "x": 3.4870553642902795,
            "y": 1.1757393297134298,
            "z": 0.13389487393609834,
            "class": 2
        },
        {
            "x": 3.795645422072884,
            "y": 0.25732297342047994,
            "z": -0.5137677638178042,
            "class": 2
        },
        {
            "x": 1.3007917126376567,
            "y": -0.7611496364350635,
            "z": -0.3449950383134181,
            "class": 2
        },
        {
            "x": 2.4278179130660456,
            "y": 0.37819601261705066,
            "z": 0.21911932430194325,
            "class": 2
        },
        {
            "x": 1.19900110546556,
            "y": -0.6060915277579312,
            "z": 0.5118555086970008,
            "class": 2
        },
        {
            "x": 3.4999200389245377,
            "y": 0.46067409891189565,
            "z": -0.5731822425680024,
            "class": 2
        },
        {
            "x": 1.3887661316914648,
            "y": -0.20439932735215102,
            "z": -0.06452275663126837,
            "class": 2
        },
        {
            "x": 2.2754305038722045,
            "y": 0.3349906058216773,
            "z": 0.28615009116914986,
            "class": 2
        },
        {
            "x": 2.6140904738108306,
            "y": 0.5609013551230781,
            "z": -0.20553452435362485,
            "class": 2
        },
        {
            "x": 1.2585081605114874,
            "y": -0.17970479472274686,
            "z": 0.04584770392724996,
            "class": 2
        },
        {
            "x": 1.2911320591150206,
            "y": -0.11666865117401173,
            "z": 0.23125646265997038,
            "class": 2
        },
        {
            "x": 2.1236087227738945,
            "y": -0.20972947667730293,
            "z": 0.1541800239288301,
            "class": 2
        },
        {
            "x": 2.3880030160034678,
            "y": 0.4646398047087368,
            "z": -0.44953019194184973,
            "class": 2
        },
        {
            "x": 2.8416727781038706,
            "y": 0.3752691671951037,
            "z": -0.4988980758707686,
            "class": 2
        },
        {
            "x": 3.2306736614320926,
            "y": 1.3741650867930484,
            "z": -0.11454820547541877,
            "class": 2
        },
        {
            "x": 2.1594376424890496,
            "y": -0.21727757866904931,
            "z": 0.20876316713083767,
            "class": 2
        },
        {
            "x": 1.4441612423295092,
            "y": -0.14341341045758071,
            "z": -0.15323388806309007,
            "class": 2
        },
        {
            "x": 1.7812948100451116,
            "y": -0.4999016810781366,
            "z": -0.17287518911341984,
            "class": 2
        },
        {
            "x": 3.076499931687188,
            "y": 0.6880856775711762,
            "z": -0.3355922924345407,
            "class": 2
        },
        {
            "x": 2.1442433143020816,
            "y": 0.1400642010897895,
            "z": 0.7348789367255109,
            "class": 2
        },
        {
            "x": 1.9050981488140752,
            "y": 0.04930052601303007,
            "z": 0.16218023577073695,
            "class": 2
        },
        {
            "x": 1.1693263393414997,
            "y": -0.16499026202310996,
            "z": 0.2818358402084803,
            "class": 2
        },
        {
            "x": 2.1076111432572415,
            "y": 0.3722878719607977,
            "z": 0.02729113214163076,
            "class": 2
        },
        {
            "x": 2.3141547052355995,
            "y": 0.18365127916901874,
            "z": 0.32269374717305904,
            "class": 2
        },
        {
            "x": 1.9222678009026006,
            "y": 0.4092034668160622,
            "z": 0.1135865957993567,
            "class": 2
        },
        {
            "x": 1.415235876703902,
            "y": -0.5749163475464898,
            "z": 0.2963225273879643,
            "class": 2
        },
        {
            "x": 2.5630133750774755,
            "y": 0.2778626029291947,
            "z": 0.29256952459674274,
            "class": 2
        },
        {
            "x": 2.418746182732825,
            "y": 0.30479819785469175,
            "z": 0.50448266397718,
            "class": 2
        },
        {
            "x": 1.9441097945469674,
            "y": 0.18753230280060507,
            "z": 0.17782509063265756,
            "class": 2
        },
        {
            "x": 1.5271666148145169,
            "y": -0.37531698258048857,
            "z": -0.12189817186718183,
            "class": 2
        },
        {
            "x": 1.7643457170444288,
            "y": 0.07885885451847563,
            "z": 0.13048163128784818,
            "class": 2
        },
        {
            "x": 1.900941614218423,
            "y": 0.11662795851202314,
            "z": 0.7232515634899169,
            "class": 2
        },
        {
            "x": 1.3901888619479135,
            "y": -0.28266093799055103,
            "z": 0.36290964808537557,
            "class": 2
        }
    ]
}