{
    "name": "scatter-plot-visualization",
    "version": "1.0.0",
    "description": "Scatter plot visualization using WebGL, a project for computer graphics course which was developed by SophisticatedKids at Politecnico di Milano",
    "main": "index.js",
    "scripts": {
        "prestart": "npm install",
        "start": "node index.js"
    },
    "keywords": [
        "HTML",
        "JavaScript",
        "Nodejs",
        "Bootstrap",
        "JQuery",
        "WebGL",
        "NPM"
    ],
    "author": "SophisticatedKids",
    "license": "MIT",
    "private": true,
    "dependencies": {
        "dat.gui": "^0.7.7",
        "file-loader": "^6.0.0",
        "gl-matrix": "^3.3.0",
        "glslify": "^7.1.0",
        "prettier-eslint": "^11.0.0",
        "connect": "^3.2.0",
        "express": "4.17.1",
        "gl": "4.5.3",
        "serve-static": "1.14.1",
        "socket.io": "2.3.0"
    },
    "devDependencies": {}
}
